,CA_1,CA_2,CA_3,CA_4,TX_1,TX_2,TX_3,WI_1,WI_2,WI_3
predict,"[4853.3706 5830.415  5779.5117 4582.716  3992.343  3795.109  3911.6235
 4540.52   5586.9824 5656.437  4359.273  3733.0154 3547.0066 3601.613
 4346.103  5481.12   5514.2847 4245.7964 3592.6511 3537.0786 3758.7969
 4599.1196 5792.7983 5872.697  4629.4673 4268.961  4139.807  4264.969
 5035.8184 6184.788  6187.495  4940.0615 4271.3447 4049.3235 4069.7234
 4626.346  5608.558  5724.576  4437.7993 3883.9834 3951.7517 4063.166
 5057.5205 6233.8574 6144.1787 4687.8896 4028.0696 3851.322  3931.3074
 4705.6294 5862.414  5922.2256 4665.588  4081.7246 3985.3787 4363.3013
 5175.4478 6375.033  6008.6226 4727.9893 4184.3647 4154.3877 4182.7197
 4858.106  5930.709  5819.514  4482.0034 4010.3716 3856.3074 3920.2002
 4691.909  5859.982  6037.98   4727.119  4085.156  3916.1294 3973.2795
 4756.344  5955.256  6002.471  4615.147  4022.0293 3949.6558 4091.4976
 4958.5464 6243.39   6586.0425 5201.6514 4597.5337 4462.462  4524.0923
 5245.238  6465.3115 6459.24   5038.0337 4430.4194 4167.322  4125.2803
 4917.439  6022.7324 6065.658  4767.2935 4209.237  4031.8306 4011.3108
 4706.32   5778.717  5749.895  4416.1147 3788.3267 3655.2073 3773.4556
 4568.057  5736.611  5824.4224 4591.065  4012.8787 4118.893  4212.3647
 4981.491  6104.552  6135.532  4811.1123 4113.9756 3851.5767 3892.7175
 4635.1387 5651.4946 5664.2393 4519.311  3968.7341 3906.506  4001.3066
 4798.2173 5993.368  6048.4907 4616.3174 3951.2974 3818.823  3903.138
 4748.1978 5999.4355 6121.108  4751.957  4127.013  4012.821  4110.772
 5154.131  6387.9424 6487.6597 5122.039  4508.0737 4358.642  4483.8325
 5137.044  6186.5386 6237.6323 4750.025  3775.0183 3794.2524 3886.7266
 4656.0317 5894.3643 6082.6646 4753.0586 4112.702  3960.616  3999.5325
 4757.964  5945.558  6031.861  4670.624  4053.407  3963.8801 4074.341
 4902.972  6164.105  6718.0464 5455.791  4600.8706 4284.743  4191.638
 4802.596  5798.0806 5904.0117 4569.864  3969.5667 3792.369  3449.2388
 4026.7815 5192.994  5315.3105 4224.5767 3770.3765 3699.085  3760.0625
 4466.4927 5534.233  5538.4927 4245.2886 3644.514  3521.01   3647.5955
 3543.6877 4563.6333 4826.0234 3929.0237 3564.0664 3802.1035 3978.659
 4767.8447 5887.1143 5943.1855 4660.8257 4171.708  3927.9316 3903.128
 4540.487  5444.0176 5406.2065 4273.08   3456.6782 3406.7878 3532.441
 4329.583  5454.342  5516.7095 4220.988  3607.3555 3469.1016 3560.3682
 4328.8833 5151.0874 5233.7173 4086.538  3594.3484 3554.2573 3711.7683
 4531.6304 5975.345  6030.812  4721.1724 4066.1475 3837.5078 3849.308
 4461.156  5443.3887 5448.8584 4223.8467 3553.5898 3376.9897 3563.0159
 4254.639  5351.1245 5455.261  4198.1875 3413.2031 3143.5352 3211.6313
 3964.0627 5090.3345 5158.319  3969.5632 3400.5762 3318.066  3506.376
 4339.3135 5546.5186 5635.24   4420.192  4015.25   3857.102  3994.85
 4771.231  5883.0737 5888.413  4216.5435 3610.965  3529.9854 3522.2656
 4277.3823 5393.0864 5590.4897 4165.058  3321.9878 3233.5469 3416.1157
 4303.5767 5481.692  5468.1333 4121.444  3436.922  3275.548  3401.7056
 4217.887  5419.037  5494.3125 4279.3867 3678.1174 3775.2815 3899.7842
 4689.4033 5835.524  5854.719  4594.7827 4088.3933 3841.0154 3857.6943
 4556.0127 5520.2383 5488.121  4332.313  3730.6987 3615.4104 3726.0632
 4317.2524 5485.0435 5550.946  4249.3184 3590.618  3427.3293 3536.4587
 4238.957  5552.3506 5714.505  4344.4946 3772.0217 3692.8403 3843.0183
 4685.584  6112.4727 6134.6553 4815.0913 4175.475  3992.1501 4038.8638
 4836.1367 5861.3945 5834.8057 4523.9414 3810.7905 3610.2615 3760.4087
 4448.1387 5536.657  5642.727  4392.4517 3753.6433 3564.3457 3611.3838
 4363.7817 5502.4194 5532.005 ]","[2386.0742 3206.2283 2994.0178 2053.7742 1841.8219 1858.7064 2021.808
 2543.648  3380.7688 3217.8132 2311.1445 2033.5275 2003.1227 2115.706
 2561.225  3376.343  3177.2185 2266.364  1920.158  1923.9722 2089.484
 2583.8357 3445.906  3290.996  2405.729  2159.6997 2168.783  2294.6086
 2758.3635 3594.8413 3376.278  2446.6953 2255.4583 2251.5679 2415.7395
 2883.3245 3749.9658 3570.2559 2659.723  2416.1223 2411.1406 2596.9204
 3159.1584 4083.3555 3868.0383 2803.3896 2575.1274 2592.645  2752.8872
 3261.2249 4137.655  3893.2383 2889.699  2611.9028 2601.8486 2767.04
 3270.3628 4119.53   3706.9756 2687.68   2463.8364 2501.795  2690.5173
 3186.183  4085.0188 3796.0247 2793.018  2584.8906 2635.9956 2784.1855
 3337.1802 4320.951  4029.553  3023.6504 2744.9463 2729.182  2888.0977
 3399.811  4317.842  4073.885  3021.953  2744.465  2743.4854 2912.3535
 3427.3486 4351.97   4126.6587 3042.2498 2743.2307 2736.574  2861.4048
 3365.9875 4320.453  4072.2158 2953.506  2709.605  2670.1353 2833.3628
 3394.084  4386.397  4147.5293 3119.0867 2837.877  2830.534  2987.5037
 3509.989  4411.827  4139.099  3099.0864 2823.2869 2816.1936 2969.8362
 3476.263  4356.2827 4087.0107 3059.953  2788.242  2797.286  2947.2998
 3425.3044 4305.323  3991.1616 2934.9048 2600.7036 2615.805  2809.7185
 3392.7725 4301.3755 4053.2136 3030.9243 2835.8213 2841.1274 3045.9453
 3598.6997 4533.9653 4256.711  3159.8584 2875.5234 2872.1248 3047.4016
 3565.108  4488.374  4220.608  3139.051  2854.4854 2851.8772 3018.899
 3561.1824 4491.8706 4169.9946 3078.967  2801.9597 2797.0454 2971.4492
 3518.1255 4432.3467 4174.273  3028.872  2722.169  2788.8518 3001.9097
 3529.9973 4501.1763 4251.1074 3165.633  2882.5989 2877.104  3043.2656
 3562.2654 4491.0605 4239.031  3168.7727 2891.8704 2893.8198 3063.8567
 3582.46   4513.1836 4277.146  3188.7937 2875.7578 2799.3518 2902.6606
 3353.5952 4208.8325 3936.6692 2921.1885 2659.0642 2649.5225 2632.0347
 3117.7202 4036.7805 3852.1973 2858.076  2655.2954 2675.0261 2827.203
 3318.5176 4169.018  3876.6792 2854.4653 2575.4385 2564.9326 2723.2073
 2988.708  3826.9526 3653.5522 2774.1047 2560.4136 2593.5461 2758.469
 3229.7957 4098.1567 3803.5693 2790.4434 2587.3406 2613.8484 2738.135
 3245.7473 4068.4253 3788.346  2810.5889 2444.6091 2485.5542 2693.3042
 3241.3186 4130.5825 3861.2754 2846.9321 2566.1926 2552.2488 2708.095
 3218.093  3977.3462 3725.5352 2774.3362 2510.699  2497.867  2648.9067
 3145.1843 3961.411  3735.2678 2740.583  2518.3884 2502.9934 2642.908
 3070.1724 3991.1272 3768.0264 2800.2346 2556.8123 2567.8933 2766.0698
 3341.606  4235.5127 4035.3325 3018.7651 2559.1777 2556.114  2750.3477
 3305.773  4228.824  4025.137  3023.1416 2775.6704 2789.6167 2961.7004
 3490.2134 4391.9346 4149.8154 3095.9258 2827.0967 2806.1113 2915.7764
 3421.5493 4281.2266 3995.929  2758.1418 2577.7727 2612.4163 2664.9116
 3221.122  4187.7456 4032.2021 3003.4277 2588.4248 2649.3516 2820.411
 3477.6145 4458.561  4223.3022 3145.2576 2854.9417 2834.0288 2984.6394
 3499.8179 4391.4053 4134.7876 3084.9087 2816.7205 2836.157  2993.714
 3473.7874 4367.7207 4066.4421 2980.2805 2760.0789 2803.6963 2932.924
 3469.5508 4339.2446 4058.5    3038.276  2846.978  2846.4817 3035.3257
 3481.0754 4404.198  4155.4883 3104.4578 2792.989  2734.7588 2851.7617
 3242.4792 4145.7803 3950.8228 2892.7827 2715.733  2768.1985 2968.8013
 3512.6448 4464.1187 4184.602  3077.433  2841.0325 2814.0132 2958.01
 3504.1597 4420.986  4111.9717 3063.9114 2791.4727 2788.5063 2983.1936
 3568.171  4485.2188 4264.5938 3213.4922 2956.8232 2949.2095 3102.6204
 3620.953  4515.4473 4244.507 ]","[6589.3535 7778.552  7988.65   7072.555  6370.5854 5891.518  5795.662
 6374.519  7405.0273 7599.0654 6539.1035 5874.244  5481.488  5474.7485
 6052.28   7154.61   7378.372  6343.4604 5666.9497 5437.841  5559.679
 6251.239  7423.757  7695.622  6686.776  6254.72   6147.663  6304.433
 7123.046  8331.171  8540.753  7372.015  6783.243  6369.2793 6367.8906
 6785.41   7754.5884 7880.7026 6875.719  6236.5366 5915.373  5919.012
 6763.8745 7890.5166 8085.34   7022.677  6380.358  5963.5337 5941.2744
 6531.224  7638.609  7859.0776 6797.3994 6158.5225 5821.325  6093.5874
 6968.6323 8303.279  8300.299  7241.8853 6651.037  6298.9683 6390.9453
 6979.676  8075.456  8073.778  6866.121  6152.8203 5829.8037 5847.23
 6450.1313 7725.0024 8233.58   7140.441  6421.409  5977.014  5977.859
 6592.6323 7755.349  7993.0884 6869.876  6225.4497 5901.904  6020.2046
 6731.6895 7976.649  8505.534  7570.647  7038.506  6742.1724 6868.778
 7559.3853 8805.264  9037.145  7766.3086 7077.5195 6507.0967 6456.4873
 7043.646  8257.277  8478.111  7344.968  6550.683  6088.2    6076.2534
 6671.8564 7785.859  8006.0566 6922.8877 6262.9517 5895.84   5931.752
 6559.5737 7699.969  7942.048  6891.4644 6252.894  6100.882  6346.4917
 7077.377  8275.288  8484.382  7307.0283 6572.568  6266.53   6423.668
 7107.425  8134.4766 8243.017  7049.1304 6419.5664 6023.112  6082.891
 6708.1055 7868.768  8090.3647 6946.0947 6266.647  5912.825  6011.361
 6637.4697 7807.075  8054.999  6950.457  6302.932  5967.2017 6072.783
 6991.652  8441.166  8808.185  7652.5    7036.511  6693.581  6784.381
 7485.796  8679.858  8832.568  7379.355  6413.4053 6048.141  6161.6016
 6798.81   7981.296  8192.185  7022.307  6311.743  5913.106  5954.714
 6596.57   7770.905  8002.827  6889.6494 6234.8315 5901.596  6010.3145
 6707.844  7929.942  8492.97   7511.7134 6918.9536 6525.039  6503.6816
 7090.685  8199.894  8327.002  7190.23   6486.2197 6044.0938 5582.0205
 6129.7666 7208.2393 7517.035  6507.749  5895.12   5520.161  5499.0635
 6028.3887 7062.0635 7213.964  6154.203  5499.2344 5153.4165 5221.0884
 5129.784  6238.4854 6615.375  5821.106  5341.8896 5313.4194 5637.494
 6427.0522 7642.846  7896.9507 6817.9644 6180.725  5850.979  5849.072
 6391.192  7298.4766 7380.074  6270.6436 5386.187  5094.0586 5167.071
 5797.965  6898.0063 7099.065  6056.397  5398.093  5050.5464 5098.8516
 5704.165  6865.1323 7121.83   6096.198  5463.201  5128.6484 5189.4155
 5837.868  7310.698  7722.5967 6682.023  6048.5234 5689.6987 5711.318
 6312.5713 7503.394  7712.481  6616.319  5871.696  5424.1255 5384.36
 6027.1104 7097.3833 7374.052  6384.5044 5579.618  5215.3237 5231.4834
 5826.9233 6915.4663 7203.454  6252.177  5679.418  5377.8013 5460.8657
 6129.023  7285.219  7585.372  6608.3174 6185.3843 6040.7114 6185.8354
 6886.0645 8069.084  8280.316  7001.4985 6336.936  5919.889  5544.626
 6152.5957 7299.29   7605.128  6561.0186 5857.312  5629.387  5785.2515
 6524.5347 7675.794  7874.3726 6747.9014 6043.9326 5629.912  5629.4614
 6240.752  7359.3853 7618.822  6601.9844 5994.2437 5850.4487 6111.29
 6869.3354 8078.5996 8318.092  7215.316  6580.494  6261.735  6268.3867
 6861.606  7779.505  7866.565  6722.8945 6132.7686 5745.181  5766.149
 6167.064  7242.329  7462.067  6424.054  5788.9746 5438.2173 5487.8735
 5965.3555 7161.198  7513.8066 6462.2803 5926.4736 5608.297  5669.984
 6331.7925 7733.8325 8186.6675 7175.9844 6598.287  6257.0747 6306.3403
 6930.845  8123.1235 8285.067  7125.1997 6324.5986 5832.7456 5771.3203
 6415.233  7485.874  7713.913  6661.4478 6004.7847 5614.658  5612.5435
 6199.8    7294.2256 7529.1665]","[2342.2488 2654.0527 2691.5476 2489.964  2292.6206 2175.1418 2160.7495
 2340.1218 2581.1306 2599.4954 2327.5225 2124.2307 2022.1685 2042.0887
 2218.4675 2488.7058 2521.5154 2265.1309 2079.7139 2023.9387 2082.3103
 2290.0347 2579.0327 2619.7268 2369.3923 2193.396  2149.4946 2199.5771
 2414.3337 2717.1497 2761.6982 2484.8438 2319.6694 2218.7764 2235.7153
 2378.317  2612.5134 2605.2947 2360.4358 2159.2288 2038.8486 2063.535
 2244.7766 2526.9119 2576.252  2281.9668 2100.7705 2021.0388 2061.223
 2254.2444 2536.8171 2579.4473 2331.93   2145.5173 2062.3013 2119.0498
 2362.156  2668.1907 2614.5312 2380.9844 2228.9375 2160.0168 2229.6274
 2418.7334 2691.3333 2693.3677 2409.7769 2193.9524 2114.6133 2129.0295
 2303.729  2611.3904 2654.634  2393.8547 2187.3755 2074.0127 2095.8418
 2277.1365 2559.6035 2600.3909 2339.43   2153.875  2066.5947 2117.9543
 2328.7065 2631.203  2705.8984 2495.0798 2337.2693 2271.4973 2328.9978
 2539.0798 2830.4478 2890.978  2599.9607 2407.4868 2273.6414 2287.8801
 2450.395  2743.5676 2770.079  2499.984  2270.9226 2146.5671 2160.5447
 2337.0974 2603.3718 2632.6223 2375.3481 2181.3748 2088.8394 2119.1807
 2302.399  2571.9824 2602.2727 2349.9468 2162.4614 2093.426  2171.9692
 2378.1125 2668.9807 2703.0977 2433.6404 2191.9773 2121.6838 2184.7285
 2391.3838 2657.844  2681.8606 2391.295  2219.2766 2111.8352 2147.2852
 2329.4497 2602.6733 2633.4133 2362.3286 2171.162  2076.0303 2120.1797
 2286.4575 2574.0586 2631.514  2387.1487 2211.841  2123.9236 2172.6213
 2390.434  2731.623  2799.238  2546.7495 2373.6743 2290.8381 2333.3774
 2553.5247 2837.8547 2868.4534 2555.3896 2282.8489 2176.6619 2228.853
 2410.9182 2690.6936 2721.9666 2445.4683 2244.4443 2136.9312 2164.7764
 2345.8762 2621.9185 2660.0618 2396.2764 2204.0935 2110.1135 2153.879
 2352.0269 2644.056  2693.925  2434.3086 2277.7036 2198.     2238.0542
 2427.2947 2699.959  2712.8567 2466.5942 2271.7007 2164.0134 2076.5203
 2238.598  2480.6816 2539.825  2292.816  2113.0232 2016.65   2029.0133
 2186.3816 2431.6123 2445.3257 2182.8833 1987.0189 1895.4221 1931.1135
 1883.4457 2156.363  2234.1716 2051.771  1912.1726 1881.7117 1982.9374
 2205.809  2503.3943 2552.1836 2308.3638 2126.6672 2061.804  2087.7366
 2251.8438 2480.357  2484.6252 2202.7966 1913.0813 1840.2483 1878.2712
 2059.174  2320.1929 2345.4736 2094.5693 1902.2214 1811.0536 1841.9736
 2022.4147 2141.6555 2174.8928 1960.7229 1802.8796 1742.8407 1795.6747
 1998.7745 2244.8367 2381.6404 2204.1475 2081.0408 2046.4608 2113.7842
 2254.2566 2595.2769 2653.806  2409.336  2217.6438 2121.8218 2132.9268
 2337.0361 2596.4158 2632.785  2374.0625 2087.6846 1996.261  2038.3019
 2243.4258 2539.5554 2603.5415 2371.0928 2197.7612 2124.673  2172.3606
 2376.7725 2664.6396 2710.956  2464.3318 2291.1484 2249.3535 2301.387
 2512.5742 2798.2131 2831.711  2442.5952 2265.5178 2177.8306 2114.0684
 2308.8894 2596.2551 2630.381  2296.937  1999.7838 1937.9292 1951.9523
 2203.3508 2524.4504 2590.5134 2351.2954 2167.0154 2080.738  2113.848
 2305.4124 2584.1008 2625.1816 2378.9077 2198.468  2136.1714 2224.8384
 2445.0369 2750.916  2794.03   2534.6807 2346.4006 2283.7942 2309.7693
 2495.3093 2735.7063 2737.254  2440.5615 2263.1667 2159.5708 2184.4243
 2282.7456 2539.3835 2573.4658 2330.6802 2154.6196 2080.717  2130.34
 2266.042  2571.171  2640.7058 2283.861  2116.0916 2050.5496 2109.5186
 2327.4893 2645.7043 2745.5374 2507.7334 2345.6362 2270.7524 2313.5227
 2499.2744 2801.6086 2820.4697 2542.528  2326.0535 2206.7925 2202.653
 2399.5498 2654.3003 2683.8655 2418.8616 2225.032  2129.7957 2159.8618
 2348.0789 2625.6526 2663.4958]","[3271.4067 4038.678  4152.073  3271.531  3070.9578 2992.0593 2906.1597
 3220.2305 3820.194  3939.415  2944.0728 2623.4893 2530.684  2556.136
 2794.6428 3440.6082 3620.459  2733.3562 2353.2344 2376.1519 2499.6187
 2821.4792 3517.8667 3720.6694 2850.6216 2530.8328 2616.6655 2695.9294
 3139.3745 3791.1472 3934.418  2937.6033 2807.7888 2762.0144 2813.466
 3097.758  3768.2827 3852.2554 3053.1946 2785.4016 2826.73   2816.6548
 3123.179  3778.5537 3893.5723 2954.118  2687.316  2633.2449 2640.7937
 2842.911  3439.0613 3576.01   2712.3926 2448.5825 2434.8364 2497.5017
 2935.4443 3660.737  3816.6794 3008.0146 2826.8044 2759.1897 2953.9028
 3216.076  3876.897  4078.6719 3153.946  2804.9915 2851.121  2873.0593
 3098.2375 3728.5996 3980.9045 3069.973  2780.6619 2719.0205 2772.2397
 3036.613  3689.0422 3865.4075 3000.053  2745.0234 2729.8079 2816.0876
 3101.5598 3766.0444 3878.6533 3142.9453 2929.957  2920.0225 3006.233
 3280.174  3866.156  4188.5234 3225.5432 2978.8462 2937.705  2978.2327
 3128.4167 3899.2803 4029.9944 3076.6953 2777.5374 2695.3167 2719.5828
 2949.3347 3577.6675 3740.1255 2878.7617 2618.5583 2593.0466 2676.4424
 2957.499  3612.568  3795.5696 2948.4377 2690.0286 2634.8752 2835.4888
 3126.8281 3800.0474 3989.2947 3092.5835 2726.7869 2822.8335 2880.7363
 3146.5142 3835.9453 4009.6838 3013.9153 2857.1545 2771.0828 2780.4915
 2998.638  3613.5085 3751.6653 2866.8955 2588.03   2548.4717 2623.1667
 2704.3652 3340.5073 3560.201  2784.2578 2555.6106 2557.451  2654.473
 2886.1653 3702.375  3897.41   3028.447  2823.8306 2816.7322 2815.869
 3203.395  3857.4443 4009.0703 3121.6306 2764.216  2606.6262 2713.4043
 2886.702  3435.6868 3550.7744 2745.7156 2504.5042 2429.146  2475.9353
 2698.9575 3271.3645 3432.696  2710.3713 2518.1665 2489.0989 2567.094
 2809.0525 3512.4236 3956.5115 2994.412  2860.1487 2807.4163 2845.304
 3099.7847 3751.1492 3813.934  3078.6262 2835.7832 2779.9893 2739.975
 2973.159  3517.1992 3826.0437 2917.4956 2640.9614 2555.9954 2581.3516
 2804.675  3421.7634 3573.5322 2734.8271 2480.9873 2464.28   2563.6028
 2406.1255 3004.05   3259.5671 2600.654  2427.662  2425.3892 2662.7043
 2978.4536 3665.6995 3860.1365 2997.6108 2715.0938 2791.9443 2830.661
 3073.5847 3741.743  3903.213  2920.2217 2571.9858 2555.5278 2633.5103
 2901.2444 3539.179  3680.0886 2805.6565 2525.794  2479.7263 2546.6682
 2812.9836 3371.2615 3559.43   2771.5806 2568.6733 2583.1143 2678.1606
 2969.4106 3364.7517 3673.7654 2824.828  2599.1252 2578.38   2637.3818
 2621.046  3349.981  3560.4841 2730.2192 2541.2925 2520.9556 2507.1648
 2870.6926 3512.234  3695.4111 2781.8352 2295.1838 2188.5435 2233.152
 2498.076  3158.8193 3346.9417 2511.047  2239.2114 2217.2278 2319.1238
 2628.1296 3304.183  3551.2026 2769.8682 2512.517  2646.587  2769.3389
 3076.724  3776.322  3980.6008 2853.235  2729.6438 2718.9426 2670.6895
 3064.0015 3803.9766 3947.8604 3232.251  2757.4243 2714.4353 2726.0896
 3015.7278 3672.0503 3841.5234 2924.0117 2625.4902 2569.4077 2635.7876
 2910.907  3562.139  3760.0918 2909.9382 2658.085  2610.1973 2818.9243
 3124.093  3805.3364 4012.3538 3117.3381 2872.7788 3000.2048 3061.0984
 3341.0388 4010.787  4166.293  3153.9165 3018.473  2937.038  2946.6655
 3172.1357 3741.9453 3833.5845 2923.2986 2643.0007 2588.3875 2636.5215
 2688.074  3403.9526 3671.9353 2831.2761 2658.7437 2661.1084 2738.5557
 2974.593  3519.598  3822.739  2925.507  2704.6287 2700.7805 2782.1296
 2995.6023 3812.1624 3986.09   3074.5222 2855.8171 2801.6267 2762.2993
 3131.0854 3753.3176 3899.6482 3019.7346 2774.7659 2748.879  2812.6423
 3078.1006 3709.3157 3867.5757]","[4088.4448 5022.2637 4994.226  3893.8142 3444.0205 3296.5867 3247.0154
 3693.3967 4439.536  4425.3467 3403.5745 2905.862  2749.4412 2769.9375
 3116.4275 3855.7185 3897.253  2997.2117 2444.311  2424.5896 2599.7832
 3079.4224 3921.2283 4027.5627 3172.6213 2740.219  2782.6887 2922.207
 3310.9216 4211.7715 4341.357  3410.2761 3143.0686 3080.9695 3173.1526
 3589.384  4384.3555 4341.3813 3486.6394 3080.687  2922.42   2940.9832
 3410.9443 4243.503  4281.6763 3206.4353 2747.3616 2638.3909 2638.544
 2947.1372 3649.     3678.0627 2832.6125 2441.4753 2419.8064 2554.6755
 3164.8687 4121.91   4126.6245 3290.9807 2990.9905 2956.4773 3234.3228
 3714.703  4580.3936 4646.8545 3657.9768 3152.4363 3150.9338 3216.7048
 3604.1252 4395.34   4368.0938 3403.9363 2950.9634 2877.5737 2994.2322
 3434.5408 4276.9014 4328.296  3393.093  2984.7703 2969.0342 3136.4731
 3614.8271 4498.084  4510.654  3687.774  3336.4539 3333.7437 3510.9065
 3996.4202 4806.025  4973.3223 3924.1638 3490.8171 3393.9783 3452.3813
 3747.8442 4658.1284 4626.87   3582.92   3092.5356 2966.7053 3024.206
 3397.3096 4171.725  4172.6763 3235.3464 2820.7292 2783.5151 2932.0066
 3381.6497 4213.804  4260.0146 3342.9653 2934.3955 2883.1802 3154.1267
 3646.7932 4525.829  4591.4463 3619.27   3117.9858 3218.4778 3359.0134
 3808.6875 4654.4336 4654.5073 3564.3464 3208.186  3070.475  3098.948
 3447.3662 4191.4707 4162.531  3211.6357 2772.9827 2714.287  2849.6294
 3114.7522 3923.0637 4013.7678 3173.0515 2811.7625 2816.6475 2986.5776
 3411.929  4428.7646 4524.0586 3584.0522 3239.6812 3226.9473 3300.7686
 3866.6082 4720.1465 4698.495  3708.5947 3254.9353 2998.333  3060.9182
 3329.508  3989.8127 3950.4412 3083.6912 2714.26   2633.4739 2729.3516
 3107.6973 3851.5696 3898.836  3100.341  2784.638  2741.9585 2865.9197
 3261.8896 4183.872  4345.6597 3393.1892 3133.1226 3067.053  3148.931
 3551.4905 4359.8423 4277.3164 3478.889  3092.0105 3011.818  2971.1494
 3363.1187 4053.1538 4211.4087 3285.736  2865.5684 2750.1948 2801.8213
 3150.8801 3882.409  3868.4585 2978.6667 2574.5894 2541.7314 2704.983
 2528.2869 3244.8882 3411.1511 2768.18   2504.8643 2533.252  2836.7134
 3332.7542 4177.9165 4242.8877 3354.56   2945.444  2996.1902 3095.8533
 3489.2732 4281.693  4278.774  3266.6526 2773.68   2698.1804 2776.0906
 3154.0886 3900.1436 3883.7825 2993.641  2581.5144 2530.8982 2665.9792
 3107.4526 3833.065  4024.3992 3268.0325 2968.5566 2988.4253 3134.884
 3586.0066 4183.6187 4347.615  3414.0022 2998.57   2901.823  2943.8113
 2950.7102 3795.581  3913.513  3070.3638 2734.5708 2666.8345 2682.495
 3152.0513 3908.5674 3974.759  3053.952  2382.2935 2239.2454 2313.0208
 2719.2688 3504.711  3552.3523 2709.9702 2311.7585 2272.6755 2425.5889
 2891.9138 3744.5623 3906.134  3090.771  2720.9814 2858.1191 3086.7268
 3615.081  4556.5674 4677.1445 3443.2861 3214.029  3252.4849 3219.1257
 3850.6057 4844.705  4883.051  3975.297  3281.2688 3179.1597 3201.8936
 3709.6697 4570.1064 4593.87   3541.0732 3042.11   2946.291  3052.5378
 3498.7463 4345.947  4419.195  3459.107  3041.9036 3008.8755 3294.8245
 3832.079  4750.9863 4851.622  3844.7842 3455.8755 3571.8726 3708.8494
 4183.915  5039.7046 5020.1396 3872.5042 3525.685  3398.735  3438.791
 3683.3945 4397.5586 4342.1763 3352.8367 2922.3271 2853.9883 2962.9998
 3069.5095 3926.164  4076.1826 3175.505  2846.132  2817.3718 2928.332
 3300.5168 4005.8074 4150.7827 3215.6025 2853.9585 2853.6763 3014.907
 3432.4556 4439.0654 4508.496  3533.9072 3146.1038 3058.5398 3067.3987
 3584.181  4368.9097 4365.2725 3427.0378 3018.354  2979.4941 3102.15
 3542.458  4355.9575 4374.1235]","[3729.2703 4311.1865 4331.4    3826.3037 3535.0344 3371.1624 3367.6958
 3720.8787 4208.608  4192.272  3624.375  3244.8188 3041.7583 3068.779
 3372.8096 3866.8496 3893.8398 3399.7817 2971.6475 2858.2502 2976.2239
 3360.5098 3911.3901 3974.3914 3509.2842 3184.9622 3099.1313 3198.8809
 3620.8967 4158.571  4195.0396 3660.7402 3396.303  3246.1233 3294.225
 3643.5032 4176.91   4169.401  3711.2842 3400.8904 3306.1208 3336.2537
 3717.0898 4232.0884 4220.76   3592.062  3241.3682 3067.6377 3090.2605
 3398.1665 3899.7744 3943.6414 3473.2478 3163.499  3042.2573 3133.7517
 3591.4792 4191.6045 4185.02   3716.773  3456.5554 3319.4124 3454.5408
 3821.32   4353.314  4408.218  3892.8906 3521.6387 3403.5144 3434.5007
 3748.2644 4247.04   4261.2676 3748.331  3399.1865 3233.2627 3286.0437
 3636.2373 4173.1323 4213.9297 3713.89   3389.9912 3257.4998 3336.278
 3702.2124 4248.738  4274.14   3842.5684 3562.1604 3430.5188 3515.663
 3887.6042 4387.3438 4474.2544 3932.1492 3596.268  3439.067  3491.2979
 3782.2722 4372.099  4388.7734 3821.588  3447.3394 3251.2117 3272.483
 3588.0576 4099.275  4121.2334 3613.334  3287.963  3157.465  3242.6067
 3615.944  4164.299  4210.678  3716.8823 3394.2883 3259.0044 3395.0977
 3782.36   4323.535  4369.7676 3855.2654 3407.3818 3309.7278 3375.0532
 3728.5242 4297.622  4358.018  3801.3376 3532.9094 3362.18   3387.1897
 3696.4702 4190.729  4183.6597 3642.292  3287.533  3127.6958 3189.8745
 3401.938  3952.6094 4039.7139 3593.087  3299.1033 3182.308  3267.8145
 3625.8518 4254.624  4313.926  3790.1582 3503.2144 3381.459  3421.51
 3840.2336 4383.686  4386.2114 3873.8628 3600.1292 3359.2876 3387.2437
 3658.6035 4113.4634 4098.0776 3574.8594 3254.8816 3099.9211 3160.4485
 3513.5215 4035.897  4090.704  3632.793  3357.7637 3233.7788 3311.8638
 3672.8882 4286.3667 4559.496  4022.3003 3751.17   3576.6428 3591.388
 3921.4392 4434.5513 4378.4233 3886.738  3550.022  3362.6072 3269.0105
 3604.3438 4088.4492 4203.54   3696.9202 3354.99   3166.6255 3187.084
 3495.5994 3996.3003 4005.2922 3490.707  3156.4976 3018.8909 3103.9468
 3049.5374 3515.554  3599.7524 3207.2207 2957.1619 2889.9324 3078.687
 3507.1982 4075.7932 4150.479  3673.921  3347.3845 3256.702  3311.4658
 3639.5012 4180.7324 4222.2324 3664.215  3198.872  3041.4138 3095.1084
 3439.4006 3964.7256 3986.7144 3477.7097 3139.6812 2995.5688 3070.635
 3437.09   3885.2244 3941.5935 3476.0652 3171.1807 3043.9934 3119.5354
 3473.1565 3859.876  3940.3318 3474.6494 3156.5342 3021.1223 3088.19
 3155.0842 3697.413  3778.73   3321.7612 3076.45   2972.0493 3031.5256
 3427.6902 3953.581  3997.3984 3490.2192 2974.7732 2752.9043 2798.511
 3134.153  3664.0566 3726.2146 3295.3958 3019.2053 2926.8167 3049.1418
 3449.6233 4020.9688 4127.5415 3694.8743 3408.853  3366.4697 3484.8235
 3869.7761 4447.44   4502.944  3841.724  3560.2231 3422.756  3406.1858
 3885.3628 4522.792  4570.664  4203.713  3636.6353 3423.5269 3426.8633
 3790.1448 4315.271  4336.8438 3795.5886 3441.9727 3274.9739 3334.5583
 3688.1611 4217.199  4261.9795 3766.175  3448.83   3315.3418 3464.936
 3862.976  4419.144  4480.067  3974.6162 3686.6855 3635.0767 3706.1445
 4051.6802 4589.4746 4612.0347 4025.9763 3760.5396 3574.5144 3579.1536
 3813.5098 4219.292  4165.4956 3615.132  3278.0452 3120.3933 3168.595
 3338.1582 3885.0789 3981.2166 3547.5398 3272.2603 3139.891  3191.682
 3498.3645 3974.339  4076.8413 3598.494  3309.8342 3203.0134 3302.467
 3652.2168 4285.4956 4339.8228 3818.8289 3535.8604 3399.297  3426.9407
 3845.3704 4377.854  4390.814  3885.733  3563.502  3410.9807 3458.8552
 3793.1775 4294.1304 4304.8887]","[3555.6382 4673.4893 3850.103  2914.9827 2845.2441 2943.1892 3091.0254
 3833.9514 4792.0454 3926.0537 2863.2349 2661.4385 2715.1362 2863.2437
 3562.1152 4565.2173 3807.1838 2827.902  2509.74   2654.7578 2917.255
 3718.3389 4797.1284 4033.8464 3015.828  2848.0217 2945.8298 3060.5107
 3784.6975 4885.5996 4037.5264 2970.1353 2881.1663 2915.5518 3026.4812
 3725.0735 4751.049  3950.7664 2991.113  2806.6592 2837.3892 2981.994
 3645.4226 4751.569  4006.1494 2990.2456 2825.9624 2886.9985 3028.6987
 3726.1833 4716.5845 3919.827  2906.8691 2715.5112 2801.7402 2996.3367
 3758.055  4761.1567 3714.9705 2805.456  2775.5059 2919.228  3139.7559
 3815.3154 4790.5654 3991.0054 2982.4421 2857.9905 2972.37   3062.6804
 3708.1582 4662.4717 3764.2087 2874.7295 2739.79   2844.4514 3025.3406
 3753.2417 4766.817  3976.9937 2966.6997 2776.5083 2861.062  3037.5798
 3770.169  4784.955  3998.7444 2996.346  2835.183  2904.027  3060.169
 3763.788  4774.091  4036.413  2962.656  2820.3374 2888.9553 3025.7087
 3698.3752 4765.3076 3925.371  2896.2642 2719.8599 2769.807  2901.2585
 3582.5505 4568.884  3805.7156 2846.5461 2689.5745 2791.5645 2974.3945
 3706.2876 4723.528  3949.3816 2961.6973 2790.5217 2910.5488 3105.1636
 3798.0637 4773.3677 3959.4878 2934.912  2730.2773 2803.557  2878.1284
 3517.3188 4544.942  3812.4023 2888.3484 2844.6133 2897.6206 3008.416
 3658.289  4605.944  3806.0881 2834.4934 2676.2395 2765.315  2932.5994
 3867.3591 5005.516  4248.7095 3212.8833 3007.3127 3064.5579 3205.6155
 3919.6426 4964.8496 4044.388  2969.6162 2841.9084 2912.1467 3059.1794
 3804.0486 4787.1455 3950.5952 2971.5044 2786.694  2832.8167 2971.6675
 3563.9258 4470.031  3680.3882 2737.4678 2599.2004 2690.863  2855.4238
 3561.8906 4561.75   3819.941  2893.1252 2761.188  2876.5981 3064.2227
 3796.0327 4802.029  4300.161  3300.6802 3151.497  3141.1594 3204.468
 3864.3281 4835.725  3977.1033 3014.2517 2870.0103 2911.0386 2880.167
 3560.778  4570.7046 3930.7053 2962.9492 2841.9067 2901.489  3009.2642
 3653.1301 4591.4985 3818.862  2878.0728 2736.9314 2836.5022 3008.4592
 3365.0842 4417.983  3874.4097 3077.0957 2995.8994 3122.5977 3299.2666
 3956.434  4889.034  4042.2314 3025.0833 2939.5645 3065.2385 3158.657
 3802.6462 4811.6104 4032.6648 3067.2886 2765.3347 2855.2803 3012.2021
 3704.7913 4681.6323 3900.6985 2942.5784 2788.663  2872.281  3031.0957
 3744.6345 4428.3755 3787.658  2951.714  2856.9985 2953.4011 3094.654
 3775.7815 4787.4155 4133.1714 3065.1067 2910.5962 3017.6104 3199.9348
 3734.0105 5073.671  4277.2085 3128.1614 2999.3489 3106.7734 3303.5728
 4152.5493 5219.703  4257.7915 3059.5723 2643.7705 2700.4102 2917.8914
 3751.5222 4902.6606 4123.7056 3035.1167 2851.6143 2986.729  3243.7695
 4101.8877 5238.197  4392.9946 3226.57   3050.369  3192.8525 3396.9019
 4209.3403 5393.6484 4436.552  3136.0212 3086.4763 3213.8977 3334.472
 4358.247  5643.1978 4727.9717 3648.3164 3011.1196 3017.3096 3075.611
 4029.7095 5279.3003 4447.711  3264.125  3037.6074 3135.4734 3366.2815
 4223.1826 5366.239  4472.138  3256.0942 3014.5493 3162.8843 3418.1296
 4248.576  5352.701  4420.059  3182.9053 3047.1138 3202.817  3374.4233
 4166.0654 5355.102  4456.661  3265.0647 3135.2737 3180.849  3329.3264
 3794.7292 4809.908  4030.1443 3000.6094 2873.3513 3038.1306 3315.7666
 4015.6821 5222.946  4437.809  3284.201  3110.3623 3237.0447 3483.2214
 4348.1245 5530.424  4623.3516 3311.185  3082.6611 3184.0166 3385.0415
 4221.7363 5450.434  4456.1216 3217.65   3082.562  3198.2761 3417.0356
 4316.338  5437.6147 4476.3765 3240.115  3004.7727 3068.457  3257.8718
 4077.4988 5203.6313 4342.4233]","[4605.5625 4918.3667 4580.853  4391.538  4194.7915 4156.799  4265.708
 4444.9995 4528.4434 4007.0015 3429.568  3058.3223 2920.0823 2963.0486
 3264.6328 3512.3313 3206.377  2876.277  2626.4448 2807.074  3174.9578
 3782.4841 4278.0547 4133.86   3926.9546 4040.3013 4168.5874 4404.125
 4761.8154 5209.407  4938.0063 4666.1895 4455.4897 4376.4175 4530.2715
 4870.432  5100.6836 4764.302  4207.0356 3745.3909 3534.506  3513.5767
 3751.6519 3951.7317 3543.026  3114.6218 2882.9465 2871.412  3023.09
 3435.5354 3769.877  3523.8923 3241.1868 3156.4785 3307.3057 3784.9333
 4313.654  4760.4927 4482.631  4157.605  4040.0654 4228.1646 4393.0444
 4779.4937 5143.8203 4798.0024 4326.475  4098.248  3908.7275 3855.0051
 4030.171  4166.0303 3655.7244 3164.4248 2882.1492 2854.9421 3004.4233
 3417.9424 3760.6924 3513.9507 3241.1685 3164.809  3320.0962 3636.3726
 4192.862  4671.133  4645.7686 4338.959  4217.453  4364.06   4618.3496
 5069.7593 5578.059  5214.1914 4671.6304 4436.25   4355.951  4374.344
 4744.9814 4905.0464 4318.205  3724.254  3315.779  3155.498  3163.3984
 3430.315  3640.408  3283.1208 2922.7976 2772.3333 2870.8557 3147.1116
 3673.3943 4112.0264 3935.0369 3705.9993 3693.246  4061.0874 4369.2363
 4885.8823 5378.2563 5128.3794 4724.6626 4518.813  4454.4346 4491.903
 4913.7974 5244.783  4851.7285 4453.8076 4112.041  3872.2075 3837.2507
 4047.5757 4192.1304 3718.5625 3227.9856 2957.5361 2936.441  3102.3394
 3443.42   3829.9822 3661.3608 3464.4563 3442.3643 3639.7947 3986.6438
 4757.263  5208.474  4960.0103 4623.511  4506.8076 4576.8276 4863.92
 5252.4873 5563.037  5186.841  4697.699  4426.322  4371.3433 4282.9175
 4440.92   4529.0767 3985.0356 3408.4272 3040.5896 2915.558  2969.5894
 3297.4668 3568.7847 3286.6987 2998.1338 2910.4736 3062.4502 3378.2559
 3933.5967 4397.359  4605.5864 4557.5327 4412.981  4403.2354 4582.776
 4975.945  5266.187  4998.132  4525.1655 4183.9595 4166.61   4273.3687
 4602.962  4968.609  4515.336  3883.406  3498.4595 3307.9436 3269.588
 3479.9446 3649.262  3239.048  2834.3313 2637.4873 2695.202  2937.9226
 3135.095  3547.9353 3417.2405 3248.8047 3250.81   3613.5566 3919.6646
 4443.416  4899.74   4667.2266 4320.973  4260.1035 4237.949  4343.2256
 4728.449  5049.595  4668.6123 4258.6816 3700.077  3521.2637 3495.0342
 3730.8318 3895.1665 3453.8647 2991.4941 2738.079  2737.4363 2915.0593
 3351.6013 3435.141  3191.5396 2946.1567 2872.8042 3028.1409 3342.7925
 3938.1912 4732.6777 4546.3735 4201.4575 4096.98   4157.483  4330.293
 4749.389  5172.35   4850.8047 4498.217  4288.8647 4207.258  4368.408
 4642.5312 4728.3584 4246.153  3684.5623 3137.     2982.564  3066.6697
 3442.2952 3772.403  3548.088  3304.1438 3240.884  3400.87   3730.3137
 4306.244  4766.482  4578.8506 4339.0864 4475.114  4602.9883 4856.5815
 5408.9917 5843.3945 5521.5864 5188.3047 4939.0054 4860.795  5094.5425
 5565.884  5870.6567 5538.262  5067.8047 4480.7827 4280.6104 4210.536
 4520.7656 4742.4136 4309.732  3841.3716 3609.403  3624.3108 3844.667
 4341.2554 4739.1646 4490.867  4199.107  4130.1826 4432.6455 4720.8545
 5256.718  5740.232  5458.163  5092.4067 5051.817  5002.8867 5108.2554
 5541.2188 5803.677  5369.5127 4944.031  4540.3735 4299.3125 4296.791
 4473.0327 4621.769  4124.8027 3610.4695 3338.804  3322.1018 3503.8638
 3739.4485 4130.954  3971.2542 3825.8193 3844.491  4036.3645 4371.686
 4973.4927 5655.1523 5390.116  5008.9424 4907.6553 4997.8413 5209.5864
 5811.664  6165.7866 5729.364  5287.4565 5025.3833 4910.2363 5054.3467
 5285.0283 5341.217  4796.4136 4175.704  3779.3896 3619.9053 3657.6792
 3983.6921 4256.1704 3918.718 ]","[3245.8145 3804.483  3495.7686 3167.9946 2939.2288 2812.6523 2986.1821
 3362.0237 3744.652  3413.5552 2776.0593 2421.5408 2285.5813 2384.9924
 2840.2632 3348.8823 3091.299  2544.1758 2145.7886 2122.482  2354.7568
 2951.498  3573.179  3378.7026 2878.6685 2794.324  2741.918  2836.8064
 3219.4233 3755.1956 3457.4888 2977.0396 2718.5134 2573.5957 2742.4739
 3195.4753 3711.383  3549.1267 2945.8591 2569.7483 2465.418  2570.8599
 3066.4573 3604.5469 3322.519  2815.2898 2524.534  2427.5627 2556.6394
 3046.172  3566.2913 3287.4946 2729.3354 2463.1465 2451.8076 2815.343
 3355.285  3921.3203 3553.9521 2877.4888 2590.638  2641.4995 2780.7715
 3204.82   3804.7847 3548.0085 2963.0508 2776.751  2646.3293 2677.729
 3100.5164 3588.1729 3250.061  2684.556  2372.4387 2289.907  2445.097
 2960.7402 3515.3994 3267.071  2727.6663 2474.9448 2466.6196 2686.088
 3265.4163 3882.8157 3789.8472 3148.0112 2808.5144 2759.7622 2869.564
 3318.4805 3997.1436 3683.0952 2988.0225 2736.4314 2621.0452 2708.395
 3244.0425 3724.9622 3366.7898 2769.306  2446.252  2325.7756 2428.117
 2873.5896 3365.495  3085.9944 2532.5352 2254.3276 2225.8918 2426.7285
 2985.4746 3567.1624 3328.201  2801.892  2565.7104 2723.6384 2884.131
 3349.3462 3937.118  3604.8484 2945.896  2733.1108 2595.846  2637.7627
 3146.4954 3696.6602 3443.047  2980.937  2683.7405 2506.195  2608.0989
 3038.2498 3508.5972 3205.4976 2621.7915 2315.1785 2247.6396 2412.7275
 2795.528  3316.1653 3106.9937 2636.4504 2431.0483 2459.3545 2702.513
 3455.198  4030.8345 3667.4626 3053.989  2755.482  2652.6174 2894.3774
 3363.7615 3860.147  3612.07   3009.307  2748.5383 2748.3105 2818.4612
 3167.2917 3629.0474 3320.2485 2716.8823 2381.597  2271.6047 2392.627
 2869.4353 3385.9827 3126.5784 2598.7896 2345.9246 2338.106  2552.0122
 3121.83   3721.381  3747.527  3337.0222 2984.6636 2787.533  2877.1843
 3288.416  3767.4275 3561.243  2932.3262 2590.911  2536.7947 2663.0645
 3111.305  3749.832  3466.9287 2817.0554 2518.6746 2399.7017 2495.601
 2930.9924 3412.3167 3113.6858 2552.7068 2268.5159 2233.574  2443.4307
 2705.2844 3232.106  3047.1506 2603.0474 2415.9321 2612.125  2792.355
 3280.9893 3867.0823 3552.4458 2916.0095 2746.2192 2635.4624 2685.853
 3170.498  3670.563  3386.1091 2908.7651 2489.8003 2318.0562 2428.5178
 2875.7932 3353.9097 3063.6987 2502.0327 2203.6702 2146.9673 2327.6226
 2874.3918 3380.6482 3112.9172 2584.5781 2312.1665 2284.6943 2487.2312
 3081.4766 4091.4954 3802.9497 3103.0059 2824.026  2703.8    2791.9724
 3335.9072 3954.7827 3670.0388 3137.9404 2884.802  2771.8398 2982.6997
 3401.2654 3829.1174 3566.9395 2958.7427 2504.843  2332.0854 2435.2502
 2902.149  3442.696  3242.17   2740.035  2522.4153 2529.471  2770.4497
 3359.6428 3978.8882 3762.5315 3223.6316 3140.7498 3057.1755 3144.5945
 3657.345  4189.4795 3843.9495 3279.1414 3008.5735 2875.5554 3082.9504
 3620.7388 4200.311  4046.0466 3620.9875 3080.3704 2871.0383 2899.265
 3397.966  3946.4707 3672.4468 3078.2722 2786.6072 2718.7502 2893.8877
 3427.3628 3992.5981 3730.3037 3160.9478 2905.0315 3009.483  3144.0654
 3587.4412 4167.943  3830.0532 3172.6458 3014.7734 2915.953  2977.8655
 3477.1306 4002.1646 3719.959  3216.486  2898.7656 2696.932  2787.5886
 3246.5361 3716.266  3393.412  2765.1514 2437.368  2345.3987 2496.7986
 2863.3313 3465.8284 3319.0925 3037.4778 2877.4392 2853.136  3021.181
 3536.443  4266.41   3874.452  3129.4368 2840.1663 2723.9675 2823.9644
 3417.647  3973.5083 3634.0625 3075.552  2814.077  2709.8003 2933.1653
 3355.0247 3783.9875 3505.197  2902.2566 2584.4055 2470.2705 2595.3481
 3067.3235 3592.8706 3340.3682]"
